{"cameraMode":{"drawMode":0,"name":"Shaded","section":"Shading Mode"},"sceneLighting":true,"audioPlay":false,"sceneViewState":{"m_AlwaysRefresh":false,"showFog":true,"showSkybox":true,"showFlares":true,"showImageEffects":true,"showParticleSystems":true,"showVisualEffectGraphs":true,"m_FxEnabled":true},"in2DMode":false,"pivot":{"x":0.13714876770973206,"y":1.8918877840042115,"z":-0.025214672088623048},"rotation":{"x":0.028494827449321748,"y":-0.010495287366211415,"z":0.000298950239084661,"w":0.999545693397522},"size":2.9660251140594484,"orthographic":false}